wielkosc, blokujacy, nieblokujacy, ping
1, 3.975074e-07, 2.455981e-07, 
2, 2.932502e-07, 2.454362e-07, 
4, 2.971865e-07, 2.465749e-07, 
8, 3.083114e-07, 2.486267e-07, 
16, 3.175810e-07, 2.466659e-07, 1.83e-07
32, 3.147961e-07, 2.462602e-07, 1.80e-07
64, 3.254700e-07, 2.555389e-07, 1.81e-07
128, 3.413152e-07,2.740780e-07, 4.79e-07
256, 3.448095e-07, 2.926863e-07, 4.70e-07
512, 4.126596e-07, 3.546302e-07, 5.01e-07
1024, 5.276343e-07, 4.776539e-07, 5.16e-07
