wielkosc, blokujacy, nieblokujacy
1, 19.193088, 31.064546
2, 52.033347, 62.170073
4, 102.688309, 123.765942
8, 197.965922, 245.489099
16, 384.375367, 494.881229
32, 775.551557, 991.392775
64, 1500.234484, 1910.790239
128, 2861.175187, 3563.081791
256, 5664.360412, 6673.099971
512, 9466.035070, 11014.996143
1024, 14806.658034, 16355.985483

